sample_id,elv_angle,shoulder_elv,shoulder_rot,elbow_flexion,pro_sup,deviation,flexion,capacity_target,capacity_muscles,capacity_scale,usable,status,reason,duration_ms,objective,max_assembly_error_deg,max_equilibrium_residual,max_reserve_torque_nm,muscles_at_floor,muscles_at_capacity,activation__DELT1,activation__DELT2,activation__DELT3,activation__SUPSP,activation__INFSP,activation__SUBSC,activation__TMIN,activation__TMAJ,activation__PECM1,activation__PECM2,activation__PECM3,activation__LAT1,activation__LAT2,activation__LAT3,activation__CORB,activation__TRIlong,activation__TRIlat,activation__TRImed,activation__ANC,activation__SUP,activation__BIClong,activation__BICshort,activation__BRA,activation__BRD,activation__ECRL,activation__ECRB,activation__ECU,activation__FCR,activation__FCU,activation__PL,activation__PT,activation__PQ,activation__FDSL,activation__FDSR,activation__FDSM,activation__FDSI,activation__FDPL,activation__FDPR,activation__FDPM,activation__FDPI,activation__EDCL,activation__EDCR,activation__EDCM,activation__EDCI,activation__EDM,activation__EIP,activation__EPL,activation__EPB,activation__FPL,activation__APL,active_force_n__DELT1,active_force_n__DELT2,active_force_n__DELT3,active_force_n__SUPSP,active_force_n__INFSP,active_force_n__SUBSC,active_force_n__TMIN,active_force_n__TMAJ,active_force_n__PECM1,active_force_n__PECM2,active_force_n__PECM3,active_force_n__LAT1,active_force_n__LAT2,active_force_n__LAT3,active_force_n__CORB,active_force_n__TRIlong,active_force_n__TRIlat,active_force_n__TRImed,active_force_n__ANC,active_force_n__SUP,active_force_n__BIClong,active_force_n__BICshort,active_force_n__BRA,active_force_n__BRD,active_force_n__ECRL,active_force_n__ECRB,active_force_n__ECU,active_force_n__FCR,active_force_n__FCU,active_force_n__PL,active_force_n__PT,active_force_n__PQ,active_force_n__FDSL,active_force_n__FDSR,active_force_n__FDSM,active_force_n__FDSI,active_force_n__FDPL,active_force_n__FDPR,active_force_n__FDPM,active_force_n__FDPI,active_force_n__EDCL,active_force_n__EDCR,active_force_n__EDCM,active_force_n__EDCI,active_force_n__EDM,active_force_n__EIP,active_force_n__EPL,active_force_n__EPB,active_force_n__FPL,active_force_n__APL
moderate__neutral,0,0,0,0,0,0,0,,,1,1,usable,Converged with independently replayed constrained generalized-force equilibrium and small reserve torques,502.736206,0.430406210736,0.000546016475022,1.51345602717e-12,0.000119203760433,16,0,0.0286222101769,0.0100138222742,0.010021178166,0.010013951756,0.010003920532,0.0744094825112,0.0100164561038,0.0101208720148,0.0363531051788,0.0608633699634,0.0102058969408,0.0104544816595,0.0100826123978,0.0101087073423,0.0101524693742,0.518814702409,0.300094871681,0.218260310404,0.010045237689,0.0209573448216,0.0100063974508,0.0100059242277,0.0100011146768,0.01000397688,0.0256104112404,0.0311283484693,0.0373573155826,0.01000226297,0.010001442637,0.0100077764624,0.0100039233085,0.0100210122512,0.0100103166412,0.0100056523549,0.0100055646461,0.0100086667713,0.010006435661,0.0100085148094,0.0100076491432,0.0100086641843,0.0137849835734,0.059378323303,0.010045237689,0.0262983641163,0.0245226188561,0.0118801532054,0.0135929750626,0.0100648028745,0.0100109916739,0.0100399845938,23.8947114056,10.9556476826,1.97707387135,4.91116696635,10.7372450927,96.6411776561,2.55396090339,1.32716092294,15.4799510663,34.7696890163,1.34309025395,2.30825162427,1.34940006158,1.63610204172,1.83825071358,400.141137582,131.27387192,69.4398486744,0,7.5806500699,1.87085382021,2.29073526156,11.4989373603,2.32085982016,7.88750649911,7.39406268811,7.2061582451,3.90495057415,4.79288877059,0.994435607694,3.8002580634,2.84056247136,0.753655346814,1.71291328045,2.58928498897,1.62527882441,2.36939221157,1.73038550035,2.08138986689,1.97462558009,0.45828379522,6.48384104145,0,1.28311080311,1.73581133529,0.500108759325,0.983063783568,0.462963910521,1.92475403009,1.17160367417
moderate__elbow_45,0,0,0,45,0,0,0,,,1,1,usable,Converged with independently replayed constrained generalized-force equilibrium and small reserve torques,496.089673,0.0353939026189,0.000546004994,3.80085837621e-13,5.98646134011e-06,12,0,0.0280268902293,0.0100044088781,0.0100247098124,0.0100110840637,0.0409408528232,0.0100039790595,0.0169991667669,0.0100459456501,0.0332302592644,0.0994900191812,0.0280227583866,0.0100232303211,0.0100266220915,0.010043113229,0.0177650797278,0.0100094724381,0.0100062347206,0.010006382032,0.0100445584762,0.0100278238299,0.0261522112225,0.0622627655509,0.0636274370172,0.0523322385009,0.0383375593095,0.0369270416032,0.0336054968035,0.0100048330517,0.0100091682503,0.0100112710731,0.0331773577138,0.0100691321568,0.0100218348528,0.0100127944463,0.0100068491268,0.0100098895053,0.0100099794528,0.010011999054,0.0100100180746,0.0100095130024,0.0100983983217,0.0257909636273,0.010045238146,0.0104274683804,0.0116582374999,0.0101991757212,0.0100752910934,0.0100270705909,0.0100098112864,0.0100134073851,23.3977197949,10.9453489327,1.97777062834,4.90976055696,43.9419695165,12.9929181728,4.33438801742,1.31733574747,14.1501746495,56.8361073209,3.68777912404,2.21303536819,1.34190663424,1.62548558413,3.21662339307,6.38101394062,6.61195761517,6.43536959204,0.0297904851208,3.62724496182,8.57344584764,18.7186567805,74.8925659711,14.429040426,12.9307090757,9.3037777574,6.28876497767,4.07991575485,4.58795563263,1.01090610621,17.8664705709,2.85420257024,0.738843012027,1.69606477411,2.58961739265,1.62547738071,2.37023133481,1.73098789607,2.08188255701,1.9747930448,0.274576583973,2.74993454982,0,0.508249826806,0.715471941023,0.429346072209,0.728659747893,0.461228289286,1.92452708394,1.16850227944
moderate__elbow_90,0,0,0,90,0,0,0,,,1,1,usable,Converged with independently replayed constrained generalized-force equilibrium and small reserve torques,486.251417,0.0308558192302,0.000546006726142,1.4921397451e-13,5.49336758645e-06,5,0,0.0295734851303,0.0100042489487,0.0100240401357,0.0100106800019,0.0406235822609,0.0100038907248,0.0173209803113,0.0100464890369,0.0351039161843,0.104267914005,0.0292065557562,0.0100230055523,0.0100263396688,0.0100434599563,0.0185460794662,0.0100447622563,0.0100125893645,0.0100127801026,0.0100296640764,0.0100253537093,0.0141690574868,0.0484844248998,0.0467559685371,0.0395384791989,0.0439193367489,0.035692383644,0.0235217940004,0.0100053979289,0.010007698531,0.0100123856661,0.0260992037316,0.0100797163479,0.0100223984696,0.0100126480106,0.0100074481532,0.0100108212095,0.0100102006886,0.0100124589676,0.0100106623432,0.0100104850596,0.0100857186439,0.0234891880149,0.0100452378701,0.0106075136025,0.0103954722477,0.0101741005593,0.0100856414952,0.0100312307817,0.010010957286,0.0100163433858,24.6888653279,10.9451739615,1.97763850812,4.90956239201,43.6014418426,12.9928034459,4.41644290812,1.31740700239,14.9480189408,59.5655966232,3.84356618733,2.21298574134,1.34186883638,1.62554170222,3.35803463737,4.54634139808,7.08169318579,6.93559382574,2.6344643286,3.62635147459,7.4401606137,14.7322610174,51.302434721,9.86975970685,13.8005213249,8.99431287452,3.94039530004,3.8176611462,3.94625949082,0.93748846572,14.1183352771,2.85720277174,0.651473347899,1.60170496471,2.58977241141,1.62562867749,2.37028372053,1.73106741114,2.08201655194,1.97498482352,0.256269253124,2.35653298785,0,0.513685460077,0.576264868403,0.42829050433,0.72940830406,0.461419651029,1.92474741849,1.16884489243
moderate__side_15,0,15,0,0,0,0,0,,,1,1,usable,Converged with independently replayed constrained generalized-force equilibrium and small reserve torques,503.559872,0.587839818584,0.000546004827989,1.05870867628e-12,1.80314079675e-05,21,0,0.275473828433,0.239028321158,0.0100060921444,0.0690633534486,0.0229729890995,0.0563310739185,0.0100104409293,0.0100069374937,0.0242735354977,0.01001564987,0.0100139518877,0.0100061528059,0.010008324035,0.0100066538995,0.0100337329374,0.435379057408,0.396261936308,0.288202469462,0.0100452377672,0.0306152271124,0.010007542818,0.010004261198,0.0100008468788,0.0100030776531,0.0310955679357,0.0351527858119,0.0423923196991,0.0100018567236,0.0100011290611,0.0100066974446,0.0100029726016,0.0100168342577,0.0100086693229,0.010004675905,0.0100048000998,0.010007611323,0.0100054311543,0.0100072955416,0.0100065869732,0.0100076503997,0.0167664247071,0.0730897111785,0.0100452377672,0.0327938027786,0.029729341536,0.0140234733729,0.017132429567,0.0100932521636,0.0100101493504,0.0100601720739,209.961282138,254.254148295,1.94352887188,34.4751351961,24.6875264035,72.1455904265,2.57833616762,1.32217273333,10.551509875,6.02410462376,2.36723646585,2.22646071099,1.37967664009,1.63740876639,1.92141782394,335.402197175,173.341311603,91.6920525958,0,11.0740804966,1.96709799081,1.86701817344,11.4986294551,2.32065120508,9.57682763703,8.35000617496,8.1774013835,3.90479197258,4.79273849881,0.994328389696,3.79989691167,2.83937817468,0.753531323735,1.71274611753,2.58908713624,1.62510743317,2.3691543576,1.73017469953,2.08116895688,1.97442556888,0.557402241858,7.98106181995,0,1.60002661892,2.10436447812,0.59033429524,1.23904229601,0.464272529705,1.92459208151,1.17395942737
moderate__side_30,0,30,0,0,0,0,0,,,1,1,usable,Converged with independently replayed constrained generalized-force equilibrium and small reserve torques,483.124113,0.662116849897,0.000545990547586,2.11031192521e-12,1.90343879709e-05,25,0,0.296688129162,0.298794222178,0.0100055354186,0.100883170304,0.045033026915,0.0919462392273,0.0100088040795,0.0100057522467,0.0307796192977,0.0100067776262,0.0100048364666,0.0100046596876,0.0100061261,0.0100050330711,0.0100149746031,0.41897530123,0.418390438709,0.304296510214,0.0100452388857,0.0389282347063,0.0100078028984,0.0100047630715,0.0100008023678,0.01000293017,0.0363248321936,0.0420740677204,0.0497649132223,0.0100016679263,0.0100010461066,0.0100059651178,0.0100027111824,0.0100143758817,0.0100079822839,0.0100042402338,0.0100042075933,0.0100066814928,0.0100048753176,0.0100065444119,0.0100058435817,0.0100066920133,0.01850402487,0.080576794992,0.0100452388857,0.0358075470983,0.0332771054991,0.0157952200822,0.0188722903471,0.0100844742894,0.01000886832,0.0100441607666,211.445956747,307.481528903,1.91426388164,49.6265184495,48.4112194623,116.155749468,2.60824219943,1.33665822706,13.5872414092,6.20584314281,3.62882780936,2.30121668444,1.53713592768,1.66989343075,2.00252994476,321.475115752,183.021231019,96.8123960254,0,14.0810454597,2.00301036316,1.40909820464,11.4985782774,2.32061698983,11.1873389049,9.99405074773,9.59956126774,3.90471826507,4.79269874553,0.994255621103,3.79979760426,2.83868132187,0.753479598037,1.712671533,2.58893380474,1.6249564407,2.3690227428,1.73004483571,2.08101434641,1.97423648728,0.615169013371,8.79861709282,0,1.74706876485,2.35548973247,0.664918017681,1.36487156571,0.463868762334,1.92434578555,1.17209100753
moderate__side_45,0,45,0,0,0,0,0,,,1,1,usable,Converged with independently replayed constrained generalized-force equilibrium and small reserve torques,475.963288,0.735703783882,0.000545991916451,1.73372427525e-12,1.95446216871e-05,26,0,0.296442283645,0.36410282089,0.0100059590577,0.122308499179,0.0615417039127,0.123305850468,0.0100076940882,0.0100052216424,0.0376748120604,0.0100038487223,0.0100025328089,0.0100039115703,0.0100047397023,0.0100041531111,0.0100077176421,0.417253451399,0.429519485913,0.312390628744,0.0100452377811,0.0458309848126,0.0100071516988,0.0100057978228,0.0100007816867,0.0100028632799,0.0408948823946,0.0484052955565,0.0563076283733,0.0100015426889,0.0100009962993,0.0100054588672,0.0100025557844,0.0100128210823,0.0100075217928,0.0100039493149,0.0100038017033,0.0100060363432,0.0100044957234,0.0100060250175,0.0100053304814,0.010006026942,0.0198674694741,0.0863669396716,0.0100452377811,0.0380421238408,0.0361489826137,0.017291574738,0.0201860419599,0.0100746598433,0.0100079524629,0.0100340818477,206.903898453,360.237615715,1.89134592291,58.3968044945,66.1649088157,153.856211344,2.66796156803,1.35570880201,16.7158393763,6.36744705685,4.41941311483,2.40858584717,1.80164522973,1.70193505681,2.07968483461,315.767073794,187.889535198,99.3875521095,0,16.5778948231,1.98036909429,0.955086643024,11.498554499,2.32060147174,12.5948251155,11.4979370065,10.8616391231,3.90466937157,4.7926748769,0.994205316864,3.79973857219,2.83824059746,0.75344492865,1.71262172926,2.5888287667,1.62485167671,2.3689328599,1.72995503691,2.08090763187,1.97410527428,0.660496928658,9.4308743817,0,1.85609492123,2.5587729494,0.72790879377,1.45988399864,0.463417314414,1.92416969914,1.17091486047
moderate__side_60,0,60,0,0,0,0,0,,,1,1,usable,Converged with independently replayed constrained generalized-force equilibrium and small reserve torques,388.61649,0.858718898927,0.000545999649643,7.34508260632e-13,1.99205372512e-05,25,0,0.274439621704,0.483765127968,0.0100102034851,0.137447802208,0.0657592942886,0.150861125808,0.0100061607363,0.010004582341,0.024998343144,0.0100016682185,0.0100012886802,0.0100033045327,0.0100035011682,0.0100031576161,0.0100035341664,0.427741762843,0.437782110207,0.318400059076,0.0100452378746,0.0509257330436,0.0100051727733,0.0100072304798,0.0100007669998,0.0100028155279,0.0444885980381,0.0532982051552,0.0612044148522,0.0100014597369,0.0100009613136,0.0100051281236,0.0100024518378,0.010011873259,0.0100072053594,0.01000375338,0.0100035418066,0.010005623785,0.0100042435471,0.0100056812587,0.0100049965829,0.0100056039106,0.0209011881648,0.0907580532191,0.0100452378746,0.0397457347221,0.0383168449056,0.0184399061962,0.0211925837907,0.010068681175,0.0100073727023,0.0100290750504,199.161656473,417.375688688,1.87947135866,64.0177788763,70.701060545,186.299462368,2.69416473751,1.37889225594,11.0959393673,6.50601402428,4.61080693712,2.50213070165,2.15255010244,1.73391526775,2.07120432059,312.668210989,191.503947817,101.2994615,0,18.4207572592,1.90595471581,0.530200731851,11.4985376128,2.32059039364,13.7016193498,12.6601727846,11.8062203305,3.90463698661,4.79265811103,0.9941724521,3.79969908546,2.83797192685,0.753421105052,1.71258818628,2.58876150946,1.62478468255,2.36887314787,1.729895604,2.08083818768,1.97402181374,0.694863057717,9.91036387641,0,1.9392149783,2.7122231156,0.776249131717,1.53267857199,0.463142305784,1.924058232,1.17033059841
moderate__side_75,0,75,0,0,0,0,0,,,1,1,usable,Converged with independently replayed constrained generalized-force equilibrium and small reserve torques,345.992296,1.21591881048,0.000546001706762,1.57740487339e-12,2.09752569548e-05,24,0,0.258607549408,0.758555925343,0.0439630368875,0.116191919309,0.0163299126076,0.125795855776,0.0100033750889,0.0100029942117,0.0100142405971,0.010000595683,0.0100005132917,0.0100022201272,0.0100019208956,0.0100017338832,0.0100015044604,0.433862386086,0.46095600016,0.33525443807,0.0100452378894,0.0540141739577,0.0100026062788,0.0100114173638,0.0100007285719,0.0100026821589,0.0468481593014,0.0555585845037,0.0633578542654,0.0100013978638,0.0100009149682,0.0100049379818,0.0100023296472,0.0100113639366,0.0100069273061,0.0100035976692,0.0100034074778,0.0100054247806,0.0100040745739,0.0100054667987,0.0100048090646,0.0100054084896,0.021821668137,0.0948783177715,0.0100452378894,0.0416281678131,0.0399796019907,0.0192403343245,0.022257491252,0.0100727972219,0.0100071551498,0.0100297318653,206.843676305,465.278662908,8.2576802761,53.1044063685,17.5573655736,154.199601913,2.69337811671,1.40513785084,4.44512876945,6.56896640839,4.75561009213,2.56230936162,2.54229922305,1.76738163915,1.8082320911,300.016023459,201.641162911,106.661707734,0,19.5379021089,1.79117632205,0.156937522009,11.4984934297,2.32055945288,14.4283181374,13.1970912985,12.2216148775,3.90461283091,4.7926359014,0.994153558418,3.79965266816,2.83782755399,0.753400171013,1.71256152942,2.58872674727,1.6247523668,2.36883313722,1.72985852572,2.08079918764,1.97398325881,0.725464549033,10.3602779009,0,2.03105986358,2.82991986786,0.809944077501,1.60969423287,0.463331636981,1.92401640445,1.17040724462
moderate__side_30_elbow_90,0,30,0,90,0,0,0,,,1,1,usable,Converged with independently replayed constrained generalized-force equilibrium and small reserve torques,308.099883,0.0555393910505,1.61006382251e-08,1.65871228346e-13,9.26626464658e-06,16,0,0.0576951081101,0.158222758639,0.0100294553539,0.0614077249244,0.0767559437471,0.0100305898064,0.0100291630683,0.0100124761218,0.0100126548365,0.0100040357338,0.0100046785694,0.0100101420688,0.0100133988986,0.0100099894303,0.0100126069726,0.0100069072647,0.0100167146303,0.0100169354337,0.0100336207551,0.0100220849241,0.0412321887589,0.0100092248163,0.0307987397357,0.0278689441195,0.0470661620925,0.056972484565,0.0464168960429,0.0100030422023,0.0100049710982,0.0100077819244,0.0249067924373,0.0101067862235,0.0100158941791,0.0100080547603,0.0100046913711,0.0100069978916,0.0100068043022,0.0100084158841,0.0100069890271,0.0100067343848,0.0102392621849,0.0403393540423,0.0100452377092,0.0162296623421,0.0167897545687,0.0126804320834,0.0101539500284,0.0100238573923,0.0100070308167,0.0100104579925,41.1185892964,162.823013713,1.91884025522,30.207730237,82.5138591014,12.6716512429,2.61354764581,1.33755646263,4.41994935331,6.20414271976,3.62877053814,2.30247771136,1.53825317089,1.67072067352,2.00205652854,4.07484347215,7.0846108993,6.93847211617,2.63550361855,3.62516909596,21.6499614553,3.17092241459,33.7935537259,6.95676180047,14.7893302065,14.3567982606,7.77580651376,3.81676229476,3.94518400305,0.93705740414,13.4733017114,2.8648760158,0.651050557681,1.60097019086,2.58905899894,1.6250078198,2.36947950094,1.73036839703,2.08125257602,1.97424484681,0.26017065965,4.04701169102,0,0.785946818409,0.930726904589,0.533797422239,0.734348476825,0.461080487586,1.92399249952,1.16815810369
moderate__side_45_elbow_90,0,45,0,90,0,0,0,,,1,1,usable,Converged with independently replayed constrained generalized-force equilibrium and small reserve torques,326.577762,0.0843322215269,1.87577407202e-08,8.8479261902e-13,1.10527816333e-05,20,0,0.0501591541905,0.216994058395,0.0100789911755,0.0788566796331,0.0956194237739,0.0100254033427,0.0100251212918,0.0100106096735,0.0100108861421,0.0100027509517,0.0100026083809,0.0100079761259,0.010009823107,0.0100075130074,0.0100076519775,0.0100075337408,0.0100192908537,0.0100195223968,0.0100355537136,0.010029560738,0.0347765394503,0.0100060775677,0.0242979908323,0.0209819873951,0.0458004868002,0.0667496239899,0.0589059542573,0.010002490895,0.0100043537334,0.0100065827338,0.0154087961598,0.010063992649,0.0100140139079,0.0100068662383,0.010003943273,0.010005912331,0.0100058521879,0.0100072496633,0.0100059452544,0.0100056781136,0.0106927215087,0.0482873968087,0.0100452377742,0.0189659454119,0.0205973839134,0.0149070773972,0.0102394760199,0.0100211091159,0.0100059786991,0.0100087851456,35.0089211798,214.690515251,1.9051505964,37.6505159871,102.802653368,12.5093056789,2.67260750432,1.35643888089,4.44170403551,6.36674832623,4.4194465048,2.40956444735,1.80256064474,1.70250665194,2.07967118897,3.77994654149,7.08643300771,6.94026403852,2.63601134342,3.62787323282,18.2605671095,3.1201539777,26.6606837058,5.23761100473,14.3916243178,16.8205914295,9.86798648518,3.81655193791,3.94494056224,0.936945120485,8.33537117214,2.85274572211,0.650928336794,1.60078006518,2.58886540275,1.62483153871,2.36925405282,1.73016676756,2.08103549229,1.97403645335,0.27169266283,4.84439238195,0,0.918455611729,1.14179985743,0.627530626352,0.740533841269,0.460954071521,1.92379021509,1.16796289288
moderate__side_60_elbow_90,0,60,0,90,0,0,0,,,1,1,usable,Converged with independently replayed constrained generalized-force equilibrium and small reserve torques,400.474516,0.137183962253,1.43932559846e-08,4.54747350886e-13,1.25838307681e-05,22,0,0.0408729115172,0.305160856749,0.0234193617012,0.0934707106907,0.106968641207,0.0100204522662,0.0100171943135,0.0100083130651,0.0100088037819,0.0100016817147,0.0100015511734,0.0100060316913,0.0100064754855,0.0100051940328,0.0100043351832,0.0100085541757,0.0100236425571,0.0100238782495,0.0100381746025,0.015092106389,0.0268507782038,0.0100044340753,0.0165569447616,0.0101969200264,0.0413104531619,0.0770421600906,0.0704793614065,0.0100021165411,0.0100038765496,0.0100057464142,0.0100171743745,0.0100247657091,0.0100126159743,0.0100059992329,0.0100033860465,0.0100050887003,0.0100051212714,0.0100063521585,0.0100051430451,0.010004885451,0.0116056941971,0.0544770570664,0.0100452374425,0.0209649567544,0.0240699819559,0.016890793171,0.0105896515409,0.0100191455126,0.0100052933111,0.0100076993894,29.6615944503,263.282149526,4.3971153653,43.5349797703,115.007261866,12.3743267848,2.69713553472,1.37940644693,4.44257762461,6.50602280349,4.61092795208,2.50281284686,2.15319011467,1.73426825367,2.07137016889,3.41586182622,7.08951087572,6.94328122504,2.63669976509,5.45908741429,14.0992647288,2.76656491538,18.1669122551,2.54539760888,12.9807467963,19.4142621377,11.8067756403,3.81640909936,3.94475239846,0.936866813471,5.41877935445,2.8416264289,0.6508374687,1.60064137193,2.58872120118,1.62469779169,2.36908098142,1.73001159676,2.08086864887,1.97388006767,0.294890497027,5.46536482977,0,1.01526086692,1.33430061217,0.71103743114,0.76585904574,0.460863749088,1.92365843963,1.16783619189
moderate__scaption_15,45,15,0,0,0,0,0,,,1,1,usable,Converged with independently replayed constrained generalized-force equilibrium and small reserve torques,479.674858,0.514143016439,0.000546011952832,5.96779098876e-13,1.60264592266e-05,21,0,0.214573737787,0.239013961989,0.0100129866579,0.0722050826109,0.0519587395352,0.0530125098499,0.0100153211274,0.0100093061801,0.0100160768078,0.0100029379097,0.0100063025539,0.0100079870293,0.0100102097334,0.0100073278773,0.0100137411361,0.443220277301,0.352268834685,0.256206055088,0.0100452378007,0.0295609992314,0.010006643664,0.0100035544646,0.0100009516262,0.010003436589,0.0324738659544,0.0343102859943,0.0359119425476,0.0100020637136,0.0100012373701,0.0100072761978,0.0100032610703,0.0100172074632,0.0100093613252,0.0100050888335,0.0100052120017,0.0100082258478,0.0100058609708,0.0100078538287,0.010007111751,0.0100082769512,0.0149090171142,0.0652580885549,0.0100452378007,0.0295623848531,0.026334662059,0.0128582651619,0.0158642108694,0.0100904821517,0.0100110236274,0.0100650417052,209.910353428,255.011678471,1.9982490644,36.0422679144,55.8671322381,68.5908453361,2.57960635853,1.34594726319,4.27666783856,5.8493060811,1.67417640556,2.37495127294,1.66181023705,1.66832501065,1.85966850063,336.236115929,154.096914829,81.5123448684,0,10.6927472348,2.19747236114,2.09167941898,11.4987498902,2.32073447601,10.0013165107,8.14988324076,6.92734841493,3.90487278319,4.79279040272,0.994385898266,3.80000649439,2.83948396375,0.753583423112,1.71281680866,2.58919373005,1.62520722411,2.36925613249,1.73027122252,2.08127810013,1.97454918224,0.495652454683,7.12588448649,0,1.44236406503,1.86407516995,0.541283510925,1.14732287007,0.464145113841,1.92476017365,1.17452768302
moderate__scaption_30,45,30,0,0,0,0,0,,,1,1,usable,Converged with independently replayed constrained generalized-force equilibrium and small reserve torques,344.44892,0.545050780131,0.000545995975447,6.32383034826e-13,1.64979129268e-05,24,0,0.200332670678,0.283924969325,0.0100212469458,0.0972399581706,0.0950988644131,0.0624239650113,0.0100177351455,0.0100086406106,0.0100092804217,0.0100020687219,0.0100032956371,0.0100066631374,0.0100079027619,0.0100062690646,0.0100081622301,0.430129000682,0.362574443364,0.263701563653,0.010045237754,0.0369654052157,0.0100060048693,0.0100034159025,0.010000924856,0.0100033526975,0.038957150509,0.0390363156871,0.0359404493848,0.0100019719441,0.0100011719023,0.0100069005589,0.0100030333802,0.0100148892041,0.0100089391006,0.0100048187443,0.0100048932389,0.0100077510506,0.0100055138068,0.0100074106034,0.0100066924833,0.0100078039414,0.0153483972523,0.0676776084018,0.010045237754,0.0308671428879,0.0272411428226,0.0136237503939,0.0170955870729,0.0100995256576,0.0100105962799,0.0100709578503,224.208383075,294.842182615,2.01448176141,48.4469863675,102.276571993,80.3893171931,2.60306894167,1.37754180638,4.2835977931,5.96068530395,2.37310146359,2.50043286432,2.04012044225,1.70512372711,1.90212421169,303.202987101,158.605012992,83.8970522483,0,13.3710545881,2.52839901339,1.83792493568,11.4987191103,2.32071501358,11.9980415392,9.27247925279,6.93284733199,3.90483695585,4.79275902938,0.994348572426,3.79991999985,2.83882682857,0.753551634723,1.71277057084,2.5891112392,1.62513012315,2.36917392863,1.73019459272,2.08119090088,1.97445586137,0.510259711606,7.39008497601,0,1.50602388518,1.92823958856,0.573507495202,1.23637779345,0.464561099819,1.92467801022,1.17521806031
moderate__scaption_45,45,45,0,0,0,0,0,,,1,1,usable,Converged with independently replayed constrained generalized-force equilibrium and small reserve torques,322.853148,0.587333229625,0.000545996533093,2.45444491165e-12,1.73319484638e-05,24,0,0.189208501869,0.318347072119,0.0100393618057,0.113549854739,0.132333524385,0.0651562610292,0.0100213552403,0.0100080358779,0.01000830025,0.010001726611,0.0100020466949,0.0100058089995,0.0100060991537,0.01000548819,0.0100059950719,0.419503033336,0.380910719961,0.277037546036,0.0100452377884,0.0430364278993,0.0100053063121,0.0100035593817,0.0100008807357,0.0100032062889,0.0445789546518,0.0426189697659,0.0353494224738,0.0100018880438,0.0100011017657,0.0100066141115,0.0100028192766,0.0100134081573,0.0100085368683,0.0100045764096,0.0100046675583,0.0100074292929,0.0100052303093,0.0100070594251,0.0100063797377,0.0100074935853,0.0158547821969,0.0704218989428,0.0100452377884,0.0324045457096,0.0281405359865,0.014318393893,0.0183751945678,0.0101199951418,0.0100103898345,0.0100925922872,229.271113311,321.111904902,2.02154982618,55.1818784508,142.308752088,83.4632511277,2.62322509045,1.40822316766,4.28977131927,6.06836519844,3.30991152295,2.56801110185,2.44106691684,1.7390389883,1.94796332813,269.165208184,166.626056509,88.1399152624,0,15.5670531234,2.8601243297,1.54875267494,11.4986683823,2.32068104772,13.7294474236,10.1234838886,6.81883931559,3.90480420064,4.7927254185,0.99432010921,3.79983866685,2.8384070101,0.753521351515,1.71272908446,2.58905283657,1.62507787383,2.36910680016,1.73013387703,2.08112585607,1.97439463072,0.527094553154,7.68974893837,0,1.58103456495,1.99190231797,0.602749314947,1.32892087397,0.465502661473,1.92463831818,1.17774266435
moderate__scaption_60,45,60,0,0,0,0,0,,,1,1,usable,Converged with independently replayed constrained generalized-force equilibrium and small reserve torques,366.409563,0.642719446344,0.000545999945337,1.2416374565e-12,1.84144445625e-05,24,0,0.19047058914,0.348222547458,0.0100894619026,0.12621534352,0.168455952347,0.0654262625856,0.0100272022275,0.0100073614426,0.0100088368625,0.0100015075766,0.0100014628794,0.0100051221245,0.0100048750091,0.0100047921468,0.0100047768804,0.408586748216,0.404673325697,0.294320048683,0.0100452377996,0.0473231279221,0.0100046507527,0.0100039522093,0.010000829397,0.0100030314372,0.048951734488,0.0448819339462,0.034249032864,0.0100018178417,0.0100010359996,0.0100064171158,0.0100026376415,0.0100125281851,0.0100081875573,0.0100043765683,0.0100045266285,0.0100072445267,0.0100050165699,0.0100068041942,0.010006169151,0.010007326759,0.0163749950309,0.0732075869167,0.0100452377996,0.0340118612746,0.0289504294077,0.0148839220766,0.0195820800667,0.010162038037,0.0100103753631,0.010163936182,232.008627465,336.124665197,2.03211642775,59.5924328704,180.789426289,83.3298882822,2.63987153237,1.4347782245,4.29412745244,6.18607328422,4.23867900132,2.61312117988,2.73974093532,1.77330793192,2.00044574007,237.362469844,177.020800167,93.638369688,0,17.1176299309,3.18716303642,1.24082371483,11.4986093549,2.32064048324,15.0761782142,10.6610163897,6.60657616081,3.90477679326,4.7926939021,0.994300534484,3.79976966801,2.83815757262,0.753495052636,1.71269487272,2.5890163661,1.62504787018,2.36905618949,1.73008974982,2.08108205829,1.97436171728,0.544389104913,7.99393331087,0,1.65945632367,2.04922988928,0.626555876469,1.41620459362,0.467436563548,1.92463553583,1.18606805256
moderate__scaption_75,45,75,0,0,0,0,0,,,1,1,usable,Converged with independently replayed constrained generalized-force equilibrium and small reserve torques,363.471226,0.736936424543,0.000546000972357,2.88480350719e-12,1.98707952313e-05,24,0,0.196875116674,0.380663478725,0.0157325736454,0.161558391389,0.229491056243,0.0839955282712,0.0100336544209,0.0100062665685,0.0100081790571,0.0100011513012,0.0100011305389,0.0100042967667,0.0100038283392,0.0100038470578,0.0100034374668,0.39403794583,0.436699218862,0.317612486138,0.0100452345114,0.0495608974606,0.0100040696199,0.0100043678667,0.010000768894,0.0100028211778,0.0516998415403,0.0455187563463,0.0327718534551,0.010001754597,0.010000971312,0.0100062942089,0.010002474518,0.0100121129891,0.0100078684899,0.0100042048516,0.0100044602083,0.0100071857537,0.0100048576565,0.0100066274798,0.010006045794,0.010007294799,0.0169767602449,0.0763121000093,0.0100452345114,0.0358125753684,0.0297719601999,0.0153221253029,0.0207413091064,0.0102803995118,0.0100105676172,0.0109183848793,238.738554779,307.975007709,3.16882315052,74.0371518229,243.822312932,106.343632438,2.67818175067,1.43941828846,4.29745204458,6.32245742962,4.52837948418,2.65012614602,2.84934311009,1.80859977426,2.05796968007,206.931394502,191.030246492,101.048893979,0,17.9270715826,3.50056088701,0.927628733195,11.4985397907,2.32059170439,15.9225415165,10.8122838027,6.32163093894,3.90475210208,4.79266290252,0.994288321681,3.7997077012,2.83803988089,0.753471030729,1.71266547575,2.58899917759,1.62503832619,2.36901856087,1.73005919742,2.08105640249,1.97435541184,0.564394877476,8.33293192659,0,1.74731409676,2.10738120134,0.645002546981,1.50004172864,0.472880991216,1.92467249937,1.27410751691
moderate__scaption_30_elbow_90,45,30,0,90,0,0,0,,,1,1,usable,Converged with independently replayed constrained generalized-force equilibrium and small reserve torques,325.988892,0.0567898943733,1.32415230773e-08,3.8369307731e-13,8.31990134895e-06,17,0,0.106853497616,0.130356733785,0.0100303577102,0.0460628065479,0.103107805806,0.0100103835904,0.0100885466343,0.0100128960337,0.0100122720122,0.0100036591096,0.0100059140236,0.0100094942991,0.0100110774256,0.0100097119267,0.0100147188028,0.0100091216987,0.010017069577,0.0100172923311,0.0100339077574,0.0100208323685,0.0390187278954,0.0100091579999,0.0297856511305,0.0274912008606,0.0453895233012,0.0518374649279,0.0402807924465,0.010003408048,0.0100053454909,0.0100085523552,0.0263681390037,0.0101266197152,0.0100170049587,0.0100088006796,0.0100051952292,0.0100077181423,0.0100074357093,0.010009181983,0.0100076800707,0.0100074373438,0.0101667540501,0.0361232411779,0.0100452373372,0.0147367917566,0.0148730647497,0.0115717784516,0.0101286717526,0.0100255034147,0.0100077400144,0.0100115692744,119.588331962,135.369087124,2.01631321699,22.9494561999,110.889998411,12.8913295004,2.62146902752,1.3781275026,4.28487808195,5.96163308778,2.3737226275,2.50114030584,2.04076760005,1.70571040985,1.90337033608,3.1220599744,7.0848619457,6.93871932982,2.63557900474,3.62471602396,20.2991501209,3.14266328263,32.6819542086,6.86246795604,14.2624896136,13.0627974538,6.74788008181,3.81690188685,3.9453316343,0.937129541777,14.2638155135,2.87049802992,0.651122760256,1.6010895142,2.5891893896,1.62512477926,2.36962900983,1.73050084889,2.0813962992,1.97438353474,0.258328291618,3.62403372175,0,0.713652222122,0.824476704482,0.487127368187,0.732520315066,0.461156201833,1.92412885279,1.16828778337
moderate__scaption_45_elbow_90,45,45,0,90,0,0,0,,,1,1,usable,Converged with independently replayed constrained generalized-force equilibrium and small reserve torques,292.047627,0.077105086377,2.14282014931e-08,4.26325641456e-13,9.74550355038e-06,20,0,0.105511531684,0.163670374497,0.0100496953133,0.0582736221012,0.138770383948,0.0100087865904,0.0104892557709,0.0100112882336,0.0100095670626,0.0100026986101,0.0100033175094,0.0100078781099,0.0100082225668,0.01000799116,0.0100100912424,0.0100108925649,0.0100222037499,0.0100224400058,0.010037383166,0.0100208253776,0.0356635280587,0.0100059138522,0.0187746711231,0.0188187421196,0.0432728016942,0.0594477913918,0.0499346636682,0.0100028432082,0.010004699556,0.0100073586738,0.02291529168,0.0101267638883,0.0100151581724,0.0100076164489,0.0100044868381,0.010006703634,0.0100065497764,0.0100081029166,0.0100067094714,0.0100064455185,0.0103063119292,0.0425932767901,0.0100452379442,0.0170084161317,0.0178322447963,0.0132593998985,0.0101648140206,0.010023034819,0.0100067114982,0.0100099413547,127.852322158,165.091845771,2.0236306059,28.3192606377,149.230818556,12.8209608026,2.74570437414,1.40868080417,4.29031430221,6.06895494115,3.31033206493,2.56854214321,2.44158494014,1.73947402578,1.94876076903,2.46037828239,7.0884932377,6.94228499079,2.63649188062,3.62471349524,18.2940442089,3.16958819297,20.6002863344,4.69761271736,13.5973643225,14.9805639435,8.36510659162,3.81668636662,3.94507692777,0.937017773984,12.3960015884,2.8705388973,0.651002715989,1.60090007501,2.58900606898,1.62496003615,2.3694192326,1.73031428766,2.08119443406,1.97418785592,0.261874334776,4.27313459087,0,0.82365919038,0.988516534541,0.558169740557,0.735134176557,0.461042650603,1.92393110602,1.16809781528
moderate__scaption_60_elbow_90,45,60,0,90,0,0,0,,,1,1,usable,Converged with independently replayed constrained generalized-force equilibrium and small reserve torques,329.132938,0.0996081738862,7.30458964426e-08,4.3624264722e-13,1.11078192312e-05,22,0,0.109144075234,0.189722822123,0.0100915228696,0.0656152431627,0.172515129745,0.0100072394373,0.0150279247751,0.0100099970169,0.0100087773752,0.0100021935525,0.0100022287799,0.010006752053,0.0100064179678,0.0100067276588,0.0100077490282,0.0100139388811,0.0100543996793,0.0100541732921,0.0100468395973,0.0100221034624,0.0266675565859,0.0100043305884,0.0100347271623,0.0100512240883,0.0380525242788,0.0676573440774,0.0587499320906,0.0100024274048,0.0100040661537,0.0100064290397,0.0143213731607,0.0101065571038,0.0100135156131,0.0100066395285,0.010003962052,0.0100059477208,0.0100058545732,0.0100072605746,0.010005970408,0.0100057119414,0.0107138748591,0.0486077124182,0.0100452379324,0.0191964151823,0.0206195532109,0.0149958163819,0.0102380683571,0.0100212370799,0.0100059692091,0.0100088280407,132.946336782,183.13150755,2.0325315267,30.9801634658,185.145795677,12.7456790497,3.95641674568,1.43515609281,4.29410192987,6.1864975692,4.23900359214,2.61354688194,2.74016346021,1.77365099342,2.00104001788,1.84383272219,7.11126473889,6.96426581725,2.63897577517,3.6251758016,13.4813688678,3.16837333313,11.0104859623,2.50902838301,11.9570264869,17.0493326245,9.8418494853,3.81652771268,3.9448271687,0.936930729729,7.74713090898,2.86481106939,0.650895947098,1.60074379895,2.58887026246,1.62483728557,2.36925461763,1.73016865403,2.08104072373,1.97404312731,0.272230150801,4.87652777483,0,0.929616471357,1.1430287948,0.631266196382,0.740432037229,0.460959957647,1.92378839071,1.16796789846
moderate__forward_15,90,15,0,0,0,0,0,,,1,1,usable,Converged with independently replayed constrained generalized-force equilibrium and small reserve torques,374.073171,0.464328468216,0.000546000605246,9.18929673299e-13,1.5299824332e-05,17,0,0.193788817616,0.209322896334,0.0100136542108,0.0565071518612,0.0497651342812,0.0350254718695,0.0100179063302,0.0100103935779,0.0100118200815,0.0100043691112,0.0100141521958,0.0100095485154,0.0100117439351,0.0100100605229,0.0100192536256,0.4378408895,0.336234724822,0.244544683816,0.0100452392211,0.0242106021008,0.0100069386399,0.0100033795665,0.0100009964703,0.0100035831414,0.0297862767535,0.0288484082438,0.0278676346076,0.0100023220382,0.0100013188932,0.0100082541952,0.010003512869,0.0100193904616,0.0100101259041,0.0100056039738,0.0100060288903,0.0100095119023,0.0100065287276,0.0100087743925,0.0100080740925,0.0100096335032,0.0133175914939,0.0585190655338,0.0100452392211,0.0270411192807,0.0229875713623,0.0114395637862,0.0146383713227,0.0101092794673,0.010013039575,0.0101290877095,209.07296152,227.963362915,2.01407215932,27.2096999099,53.4981120468,45.7339798867,2.5544484366,1.34146621008,4.1790948627,5.3353307512,1.03620822636,2.40290654978,1.74498852123,1.6767438316,1.67999701893,335.332624752,147.082933944,77.8022618957,0,8.75741197512,2.04523246606,2.40731680377,11.4988014501,2.32076847515,9.17359152134,6.85249778576,5.37561604112,3.90497363426,4.79282947004,0.994483078208,3.80010214661,2.84010275786,0.753640986628,1.71290499788,2.58940512816,1.62541606282,2.36941424851,1.73043038003,2.08147824782,1.9748168186,0.442745277271,6.39001402715,0,1.31935021219,1.62715439083,0.481561639238,1.05866836576,0.465009758568,1.92514776775,1.18200145285
moderate__forward_30,90,30,0,0,0,0,0,,,1,1,usable,Converged with independently replayed constrained generalized-force equilibrium and small reserve torques,476.576662,0.446101521059,0.000545997740291,8.89639090514e-13,1.51600051767e-05,8,0,0.196242650931,0.213353438304,0.0100294881509,0.0623972682166,0.0886258474842,0.0285804050181,0.0100416721579,0.0100166390654,0.0100117420927,0.010005268658,0.0100159506841,0.0100143098503,0.010015896359,0.0100160688103,0.0100250846139,0.410855090205,0.333197073261,0.242335923132,0.0100758771818,0.0267486105329,0.0100113614563,0.0100052656266,0.0100016982788,0.0100060909429,0.033603934114,0.0284318570739,0.0206943212658,0.010004163246,0.0100022232557,0.0100147888584,0.0100058393301,0.0100307719683,0.0100174312558,0.0100097237706,0.0100108895683,0.010017253633,0.0100113742958,0.0100153852073,0.0100143427412,0.010017611731,0.0124690729796,0.054914723259,0.0100758771818,0.0261122057317,0.02091836098,0.011152616368,0.0148148177991,0.0102535054527,0.0100249315282,0.0111355958255,238.993408139,229.72476629,2.02014973419,29.3907540868,95.3131998179,37.3347429594,2.56233002724,1.373896296,4.11473710736,5.18426401569,1.22554444848,2.52889002176,2.20755600424,1.71935000944,1.60371551255,300.509267506,145.75413988,77.0995413298,0,9.67545545641,2.2089991593,2.38848047467,11.4996083652,2.32135026934,10.3493554303,6.75355243153,3.9918969415,3.90569245408,4.79326285839,0.995132403432,3.80098591504,2.84332896694,0.75419099094,1.71361028469,2.59066299628,1.62667322036,2.37056161526,1.73157333264,2.08278200073,1.97639085608,0.414536155153,5.9964363532,0,1.27402803912,1.48068721055,0.469482256519,1.07142923229,0.471643909981,1.9274341631,1.29945468157
moderate__forward_45,90,45,0,0,0,0,0,,,1,1,usable,Converged with independently replayed constrained generalized-force equilibrium and small reserve torques,399.639126,0.462443544882,0.000545997706112,7.46069872548e-13,1.59146416448e-05,20,0,0.21288561286,0.224651994224,0.0100194580647,0.0643343354838,0.124302347509,0.0218903411835,0.010037564373,0.0100087554134,0.0100052077027,0.0100022463232,0.0100052162721,0.0100071506187,0.0100070423508,0.0100079652386,0.010011395846,0.385450501566,0.349789772887,0.254403334694,0.0100452375315,0.0288175458491,0.0100062898282,0.0100029648728,0.0100009582965,0.0100034585552,0.0365451537723,0.0273729600013,0.0146707780421,0.0100025359941,0.0100012642616,0.0100091858395,0.0100032955716,0.0100174808175,0.0100103059737,0.0100057823647,0.0100068546547,0.0100109639308,0.0100068459471,0.0100093520652,0.0100088591268,0.0100113073917,0.0119549325791,0.0537903647708,0.0100452375315,0.026275980854,0.019735914493,0.0107442081436,0.0153016333831,0.0103188892517,0.0100169896196,0.0151374206463,254.898840029,237.902880694,2.01362289495,29.6940918687,133.683449762,28.5946426183,2.56486357407,1.40709307056,4.07860352598,5.49536424578,1.8556505715,2.5910067789,2.64140107622,1.75704873627,1.65843858519,258.430134328,153.012470929,80.9388066127,0,10.4238267211,2.3678964778,2.2262808351,11.4987575591,2.32073957192,11.2551936437,6.50202764086,2.82996640689,3.90505716402,4.79280328949,0.994575652244,3.80001960032,2.83956144894,0.753654543683,1.71293553743,2.58961882319,1.62565185358,2.36948936193,1.73053025463,2.08164151916,1.97514706276,0.397443482331,5.87366155416,0,1.28201871215,1.39698880837,0.452289840998,1.1066364454,0.474651454157,1.92590721941,1.76644271523
moderate__forward_60,90,60,0,0,0,0,0,,,1,1,usable,Converged with independently replayed constrained generalized-force equilibrium and small reserve torques,434.226756,0.508607400731,0.00054599767543,1.09235919773e-12,1.73738811115e-05,4,0,0.242558864031,0.214135655624,0.0100749757793,0.045763196459,0.158573053218,0.0100459078155,0.0111415396918,0.0100302630189,0.0100170801357,0.0100067961824,0.0100112701719,0.0100232313836,0.0100212561009,0.0100243968987,0.0100339047328,0.377275131439,0.381748558635,0.277648169321,0.0101733036796,0.0301790861443,0.0100195675544,0.0100115631262,0.0100034383129,0.0100123938599,0.0388985954498,0.02558850821,0.0108087549762,0.0100099174982,0.0100046123717,0.010037089211,0.0100119198583,0.0100658944479,0.0100390986732,0.0100221007702,0.0100282865259,0.0100458558591,0.0100266600813,0.0100368670146,0.010035663248,0.0100479678936,0.0123721939068,0.0542268145638,0.0101733036796,0.0272973029059,0.019204015472,0.0112742739682,0.0163578972426,0.0119058227015,0.0100782307402,0.0208261081558,276.126492697,222.225944639,1.97765379416,20.8148948683,170.521739903,13.115983679,2.85245585903,1.44040779558,4.08982556534,5.86207927834,2.89514946075,2.64117837356,2.83100000398,1.7997167236,1.80482614768,214.148796255,166.992561698,88.3341859886,0,10.9163204326,2.53813061497,1.94914703726,11.5016089966,2.3228125065,11.9800077183,6.07815843305,2.08498918021,3.90793895273,4.79440776998,0.99734830672,3.80329576648,2.85328480724,0.755822284494,1.71572915972,2.59516505915,1.63131785421,2.37418108801,1.735287351,2.08721623761,1.98237987261,0.411315396206,5.92131987327,0,1.33184954392,1.35933881856,0.474603573599,1.18302698839,0.547647709008,1.93768168668,2.43027711907
moderate__forward_75,90,75,0,0,0,0,0,,,1,1,usable,Converged with independently replayed constrained generalized-force equilibrium and small reserve torques,401.396953,0.596266959176,0.000545999533493,9.39917681564e-13,1.93063448329e-05,22,0,0.266176119083,0.263373100158,0.0100175434064,0.0382315879453,0.217025253522,0.0100058020623,0.0229347663852,0.0100060940841,0.0100028912928,0.0100011596955,0.0100014823862,0.0100045503981,0.0100039692031,0.0100045228384,0.0100055074329,0.346069025022,0.424281753137,0.308581201642,0.0100452368662,0.0303407449103,0.0100042487551,0.0100028752386,0.0100007912876,0.0100028848535,0.0412126082406,0.022989805808,0.010054135366,0.0100025496479,0.010001088188,0.0100100303812,0.0100028308919,0.0100169297987,0.0100097742881,0.0100055625715,0.0100078878741,0.0100130792788,0.0100068766391,0.0100096717035,0.0100096214359,0.0100139783502,0.0118916160402,0.0552271320306,0.0100452368662,0.0286124297509,0.018430717765,0.0105232487122,0.0172326923828,0.0137005039111,0.0100261192646,0.0276080422261,285.732079689,267.059567071,1.86283897833,17.2727309629,233.199784061,13.0543923416,5.88411615182,1.43944612034,4.12815204958,6.08647435601,4.14818190843,2.67529792584,2.90616142511,1.83608684881,1.88591465446,172.539964982,185.59833492,98.1755771212,0,10.9747953275,2.71641649397,1.59005927437,11.498565538,2.32060647675,12.6926784644,5.46087645628,1.9394244296,3.90506249441,4.79271891152,0.99465957121,3.79984307934,2.83940525679,0.753614514207,1.71289791002,2.58988620436,1.62599535891,2.36949662937,1.73058551733,2.08180006412,1.9756740205,0.395338514758,6.03054996069,0,1.39601526369,1.30460164174,0.442988298722,1.24629344882,0.630200009464,1.92766252207,3.22168658793
moderate__forward_30_elbow_90,90,30,0,90,0,0,0,,,1,1,usable,Converged with independently replayed constrained generalized-force equilibrium and small reserve torques,279.593581,0.0360518371808,9.99168907311e-08,9.16366691989e-14,5.89801243292e-06,6,0,0.140887891605,0.0274399390969,0.0100211095787,0.0100270802164,0.05639618966,0.0100050484835,0.0103646728726,0.0100182725479,0.0100997580322,0.0100122300211,0.0100199851074,0.0100128424438,0.0100133068898,0.0100128514605,0.0100468200919,0.0100119086102,0.0100142670001,0.0100144718897,0.0100314261255,0.0100286571359,0.0281727507343,0.0101420406396,0.0391531914515,0.0328453028899,0.0409187213956,0.0379560076492,0.0266975265501,0.0100048785398,0.0100072278048,0.0100115039894,0.0207417671499,0.0100664905354,0.0100212585692,0.0100117697889,0.0100069573184,0.0100101404583,0.0100096658197,0.0100118138215,0.010010035108,0.0100098125074,0.0100922029989,0.0252651754977,0.0100452378529,0.0109287532039,0.01076627987,0.010212453046,0.0100897648397,0.0100299669383,0.0100103080377,0.0100152486121,171.579813159,29.545498053,2.01846211363,4.72301844661,60.6516207925,13.0696508041,2.64475000857,1.37412034675,4.1509108767,5.18787106791,1.22603809701,2.52851946106,2.20698527185,1.71879772187,1.60719254254,3.42238902398,7.0828797424,6.93676568322,2.63492716151,3.62754638362,14.7822349251,3.05894127815,42.960377279,8.19898118325,12.8576551709,9.56473548105,4.47239731243,3.8174629681,3.94607386311,0.937405911754,11.2202359064,2.85345377457,0.651399251936,1.60156447703,2.58964539098,1.62551813224,2.37015707063,1.73095587098,2.08188609961,1.97485213461,0.256434015067,2.53470743581,0,0.529241990879,0.59682029913,0.429904996424,0.729706509906,0.461361516368,1.92462259089,1.16871713916
moderate__forward_45_elbow_90,90,45,0,90,0,0,0,,,1,1,usable,Converged with independently replayed constrained generalized-force equilibrium and small reserve torques,293.280855,0.0429313053506,3.09794775923e-08,6.57614380593e-14,6.35843406157e-06,10,0,0.15253985091,0.0563807333996,0.0100222245739,0.0100417361114,0.074060242909,0.0100051938906,0.0107559197065,0.0100150100532,0.0100170239331,0.0100055825229,0.0100103915615,0.0100109723131,0.0100102750837,0.0100111624666,0.0100258515256,0.0100118714616,0.0100171990297,0.0100174223263,0.0100340109947,0.0100278357607,0.0224537596977,0.0100170832678,0.029427552822,0.0253435898056,0.036873809793,0.0398933999816,0.0306689268958,0.0100043970216,0.0100068471262,0.0100106467817,0.0183687543508,0.0100690921762,0.0100201283268,0.0100109521106,0.0100065182932,0.0100095255078,0.0100091995586,0.0100112379275,0.0100094792707,0.0100091992823,0.0101021901499,0.0274905184073,0.0100452381683,0.0114529396196,0.0115692046589,0.0102766048808,0.0100919536339,0.0100284686089,0.0100096290636,0.0100140583313,182.643770663,59.7062979047,2.01417888371,4.63485372501,79.6495718757,13.0694602349,2.74842238952,1.40797238676,4.08342038927,5.49719719697,1.85661042393,2.59199627503,2.64225437026,1.75761005779,1.66083324156,2.75821320465,7.08495350481,6.93880937407,2.63560612172,3.62724927739,11.7478686926,3.05836536208,32.2890350659,6.32637234799,11.5866457933,10.0529492409,5.1376904083,3.81727923988,3.94592376139,0.937325648967,9.9365572686,2.8541912373,0.651325784606,1.60143367466,2.58953177805,1.62541827219,2.37004666613,1.73085630389,2.08177049663,1.97473115044,0.256687779653,2.75796308677,0,0.554626539088,0.641329806105,0.432605542022,0.729864807064,0.46129259575,1.92449204898,1.16857824081
moderate__forward_60_elbow_90,90,60,0,90,0,0,0,,,1,1,usable,Converged with independently replayed constrained generalized-force equilibrium and small reserve torques,269.965684,0.0555508558914,1.79753497245e-08,2.5338650698e-13,6.96015083289e-06,17,0,0.162369535409,0.0965129331243,0.0100230442712,0.010270067013,0.0987446265594,0.0100060007511,0.0118908807144,0.0100119441107,0.0100079994269,0.0100031195303,0.0100049611958,0.0100089955074,0.0100081102906,0.0100091628225,0.010014690037,0.0100144886464,0.0100242406031,0.0100244753941,0.0100384849948,0.0100244678215,0.0166380312772,0.0100075162659,0.0157165551007,0.015315330831,0.0314133328168,0.0422061718519,0.0358082255512,0.0100039006132,0.0100064070313,0.0100097096982,0.0172890094336,0.0100850190639,0.0100188154492,0.0100100516183,0.0100060509197,0.0100088687181,0.0100086898021,0.0100106065372,0.0100088817691,0.010008544314,0.0101193700572,0.0304523855205,0.0100452381242,0.0122840562522,0.0128684208812,0.0104247698492,0.0100938174611,0.0100267285591,0.0100088698441,0.0100127621116,184.839793462,100.159301687,1.9674599686,4.67122888344,106.185163149,13.0638808312,3.04430207141,1.43777708709,4.08611804623,5.85992545954,2.89332497467,2.63742713939,2.82728631903,1.7969816941,1.80136994724,1.70948499711,7.08993386106,6.94369485169,2.63678129502,3.62603103296,8.6536208522,3.11854666276,17.2448046168,3.82307661284,9.87083142674,10.635756879,5.99863104245,3.81708983019,3.94575022356,0.937237907152,9.35247045474,2.85870588297,0.651240445333,1.60128962458,2.58941082905,1.62531161797,2.3699259625,1.73074714197,2.08164622831,1.97460193069,0.257124305983,3.05510990811,0,0.594874663751,0.713350840533,0.43884271737,0.729999601841,0.461212556403,1.92434607841,1.16842698004
moderate__rotation_side_internal_40,0,15,-40,90,0,0,0,,,1,1,usable,Converged with independently replayed constrained generalized-force equilibrium and small reserve torques,281.403693,0.0484252711277,8.32670485334e-08,1.79503797915e-13,7.13095030009e-06,15,0,0.0710133084698,0.14851725822,0.010016098225,0.0366932400861,0.0650246426685,0.0100236800427,0.010032502776,0.0100112248931,0.0100133912962,0.0100042722322,0.0100051860217,0.0100093768676,0.0100116204578,0.0100093544938,0.0100169984209,0.0100048778947,0.0100166079461,0.0100168281566,0.0100335323342,0.0100152478992,0.0478435398453,0.010008557803,0.031111484782,0.0312500234746,0.0457113931974,0.0447774157538,0.0318981656109,0.0100040916426,0.0100059444413,0.0100098750548,0.0382821283935,0.0113142172755,0.0100187681565,0.0100100852268,0.0100061128029,0.0100090298704,0.0100085185122,0.0100104968886,0.0100089174858,0.0100087166705,0.0101208586526,0.0310252927325,0.0100452357782,0.0130446382393,0.0123917182683,0.0105547043903,0.0101026556544,0.0100281003288,0.0100088847929,0.0100134520548,45.2452385412,158.395958447,1.905827764,17.7999580767,65.7524067566,13.0291091036,2.3523195198,1.34965695142,4.44268346647,6.1981304847,3.13152553589,2.42577405359,1.68617397934,1.67077558001,1.93153183441,4.44448013972,7.08453544355,6.93839780782,2.63548039299,3.62269602057,25.1185407305,3.1682598704,34.1367095397,7.80076089974,14.3636289474,11.2836982538,5.3436137516,3.81716271962,3.94556781443,0.937253390023,20.7086748459,3.20713518555,0.651237371359,1.60129500093,2.58942684344,1.62533778705,2.36988540332,1.73072818469,2.08165365667,1.97463593518,0.257162129904,3.11258634137,0,0.63170703772,0.686925204352,0.444312461814,0.730638792803,0.46127565549,1.92434895246,1.16850749212
moderate__rotation_side_internal_20,0,15,-20,90,0,0,0,,,1,1,usable,Converged with independently replayed constrained generalized-force equilibrium and small reserve torques,273.378201,0.0407434280524,9.27519903998e-08,2.62259684857e-13,7.34163594378e-06,13,0,0.0697678216406,0.125082468689,0.0100190924813,0.0397574581044,0.0535201318455,0.0100303617082,0.0100297194953,0.0100134089603,0.0100155413301,0.0100053818246,0.0100077794625,0.0100116151546,0.0100148858024,0.0100118381038,0.0100195612586,0.0100058162746,0.0100155097129,0.010015723396,0.0100325906232,0.0100176774257,0.0449375718191,0.0100120521377,0.0345821276905,0.0325925423168,0.0462417430317,0.0461004587643,0.0336520353094,0.0100039520944,0.0100059035998,0.0100096273705,0.0334782333281,0.0102860541945,0.0100185278788,0.0100098656532,0.0100058851917,0.0100086997242,0.0100082682008,0.0100101892658,0.010008612731,0.0100083957042,0.0101267484855,0.0318570927932,0.0100452387988,0.0132722705267,0.0128694814194,0.010677140725,0.010107827574,0.0100275015296,0.010008646715,0.0100130193096,50.0411097031,133.128581367,1.92568868973,19.7769548663,57.0002997153,13.1012913497,2.49975835509,1.33659046014,4.41006016246,6.10244918,2.65262109997,2.33804125704,1.53473300847,1.656537032,1.92492059872,4.45095269222,7.08375868663,6.93763256894,2.63523303662,3.62357482418,23.5961638705,3.15639309167,37.9448315125,8.13588603854,14.5302777329,11.6170988724,5.63742381935,3.81710947335,3.94555170907,0.93723019857,18.1100131433,2.91569142826,0.651221752747,1.60125987608,2.5893679412,1.62528417555,2.36982613285,1.73067499937,2.08159027379,1.97457261122,0.257311785367,3.19603598119,0,0.642730487773,0.713409630642,0.449466560633,0.731012833631,0.46124811174,1.9243031787,1.16845699345
moderate__rotation_side_external_20,0,15,20,90,0,0,0,,,1,1,usable,Converged with independently replayed constrained generalized-force equilibrium and small reserve torques,275.457073,0.0262998885257,1.90564026186e-08,1.10662643872e-13,7.25009204115e-06,9,0,0.0559332522854,0.0611135548375,0.0100240876979,0.0250953146266,0.0575546936251,0.0100113615732,0.010053802043,0.0100176654316,0.0100314195924,0.0100206026985,0.0100430539768,0.0100156178292,0.0100202613374,0.0100179784959,0.0100389874989,0.0100103084941,0.0100135624959,0.0100137617574,0.0100307146545,0.0100255522299,0.0385270715127,0.0105426462449,0.0421160911253,0.0358355128496,0.0462843558057,0.0457616441987,0.0341339221155,0.0100039781879,0.0100061602453,0.0100097314129,0.0244421439803,0.0100786606531,0.0100188764308,0.01001001885,0.0100058270331,0.0100085956715,0.010008249782,0.0100101501028,0.0100085346951,0.0100082975118,0.0101228819385,0.0312737670633,0.0100452370857,0.0129244001451,0.012884623696,0.0106143489064,0.0101096078547,0.0100273170738,0.0100086971038,0.0100129580394,44.0554682208,65.0928359438,1.96597473624,12.5254555485,56.2386190826,12.4790886183,2.65888163046,1.30973895106,4.31540909941,5.96785661986,2.32755998612,2.10932924441,1.24827346513,1.61795815302,1.91767877646,4.06182014312,7.08238146115,6.93627379265,2.63474028109,3.62642328306,20.2267543485,3.29091565037,46.2113839846,8.94540983768,14.5436677004,11.5317191948,5.71814999636,3.81711942958,3.94565291006,0.937239940355,13.2219506446,2.85690352383,0.651244409228,1.60128438269,2.58935289065,1.62526727872,2.36982177155,1.73066822841,2.0815740439,1.97455323867,0.257213539804,3.13751431904,0,0.625884319694,0.714249030895,0.446823266562,0.731141586132,0.461239627084,1.92431286665,1.1684498436
moderate__rotation_side_external_40,0,15,40,90,0,0,0,,,1,1,usable,Converged with independently replayed constrained generalized-force equilibrium and small reserve torques,397.663882,0.0216952442173,1.46977600488e-08,3.5527136788e-14,6.96866719715e-06,8,0,0.0456905556844,0.0320271267025,0.0100303967709,0.0120125688674,0.0564298267346,0.0100132000566,0.0100588007403,0.0100206693434,0.0100692856518,0.0124196758617,0.0140387773074,0.0100171727735,0.0100240028375,0.0100219996332,0.010053044405,0.0100164957348,0.0100129710795,0.0100131652944,0.0100300861885,0.0100292784472,0.0291976221042,0.0226780269361,0.0448530570081,0.0372213552681,0.0457879476085,0.044122353477,0.0327809077517,0.0100041443869,0.0100064417893,0.0100100791848,0.0220446398967,0.0100647361316,0.0100194359707,0.0100103855336,0.0100060025875,0.0100088321259,0.0100084874291,0.0100104263884,0.0100087709142,0.0100085297846,0.0101147225643,0.0299673089021,0.01004523776,0.0124180032408,0.0124169298214,0.0104670085251,0.0101054921744,0.0100277479389,0.0100089823849,0.0100133314023,36.1007045275,34.228319672,1.98344298761,5.99461357561,46.7716648814,12.2366527122,2.70437750683,1.29092508719,4.30813169051,7.37619583885,3.53646153322,1.99040093939,1.08895814917,1.58301051263,1.91774083811,3.72368545409,7.08196316479,6.93586063817,2.63457520365,3.62777112316,15.2895911923,7.07516562655,49.2144875012,9.29134958897,14.3876841992,11.1186256399,5.49149162799,3.81718284448,3.94576392956,0.937272503236,11.9250234728,2.85295647016,0.651280780301,1.60134304041,2.58939832141,1.62530567587,2.36987804323,1.73071599581,2.08162317273,1.97459906416,0.257006217264,3.00644500522,0,0.601361256468,0.688322786957,0.440620803182,0.73084393415,0.461259446152,1.92436771599,1.16849341272
moderate__scaption_30_internal_30,45,30,-30,90,0,0,0,,,1,1,usable,Converged with independently replayed constrained generalized-force equilibrium and small reserve torques,304.369278,0.0728618985549,3.35892664793e-08,3.69482222595e-13,6.92955723053e-06,15,0,0.122815376918,0.172878083981,0.0100212845006,0.0472548200856,0.107056008157,0.0100108972497,0.0100675177886,0.0100103691159,0.0100105993098,0.0100027312784,0.0100033751129,0.0100076036542,0.0100081269759,0.0100073314699,0.010011923115,0.0100064769682,0.0100193664788,0.0100195982558,0.0100356056047,0.0100145562586,0.0439442838369,0.0100057378143,0.0241333170897,0.0262305408882,0.0424950105497,0.0434061419348,0.0310436163943,0.0100041677526,0.0100060050271,0.0100100363529,0.0381245931533,0.0119814925789,0.0100189159835,0.0100102297531,0.0100062996353,0.0100092891033,0.0100087561378,0.0100107744526,0.0100091726824,0.0100089668125,0.0101160945829,0.0302338359835,0.0100452377895,0.0127361805815,0.0120794232808,0.0104542526258,0.0100977734196,0.0100284066252,0.0100090907209,0.0100137253235,126.867128722,180.731418735,1.99404874394,23.3176424537,109.655112034,13.0683408928,2.4650901853,1.39784274911,4.38723013431,6.11931826268,3.10826072818,2.55798525325,2.28603602547,1.72239087609,1.9138236093,3.22341409743,7.0864864957,6.94031658411,2.63602497347,3.62244584169,22.9005683024,3.16706279404,26.4799973853,6.54777676833,13.3529634715,10.9381436984,5.20045878034,3.81719175998,3.94559170456,0.937268492779,20.6234563316,3.39628146514,0.651246980271,1.60131812049,2.58947519276,1.62537988314,2.36994166992,1.73077617308,2.08170673243,1.9746852861,0.257041079057,3.03318411004,0,0.61676949253,0.669613376048,0.440083828876,0.730285702522,0.461289744606,1.92438854507,1.16853938087
moderate__scaption_30_external_30,45,30,30,90,0,0,0,,,1,1,usable,Converged with independently replayed constrained generalized-force equilibrium and small reserve torques,311.852448,0.0493880069067,1.83369624044e-08,2.70006239589e-13,9.11142432191e-06,14,0,0.091280147349,0.0841871688556,0.0100492759253,0.0181327915471,0.128096521844,0.0100046513872,0.019023743341,0.0100134409731,0.0100157253824,0.0100060723335,0.0100125899636,0.0100092820203,0.0100115202925,0.0100106720806,0.0100211753586,0.0100183074289,0.0100143153076,0.0100145205823,0.010031473568,0.0100459655589,0.0319225971865,0.0100369060946,0.0389605028327,0.0306588845835,0.0471555288233,0.0567882327741,0.0463647545849,0.0100030743587,0.0100051446569,0.0100078883002,0.0122186441286,0.0100448442692,0.0100162027328,0.010008179158,0.0100046586089,0.0100069355703,0.0100067921723,0.0100083928458,0.0100069384983,0.0100066790429,0.0102164524704,0.0393105546488,0.0100452379761,0.0157166909235,0.0166634481975,0.012493730287,0.0101621865824,0.0100238799194,0.0100071153126,0.0100105145057,105.35196745,87.3120060216,2.02393937298,9.02040075297,123.906795646,12.3247684694,5.12251593511,1.35876657247,4.20870833726,5.81641316278,1.96351686975,2.41112173646,1.83147257839,1.68731972226,1.89577603323,2.76511805671,7.08291390894,6.93679941099,2.63493962277,3.63380715279,16.4410125435,3.12514802858,42.7489519694,7.65319834883,14.817411402,14.3103676755,7.76707172302,3.81677456441,3.94525244112,0.937067364416,6.60966197332,2.84731791027,0.651070614226,1.60099009054,2.58905052059,1.62499769963,2.36947662874,1.7303644139,2.08124206704,1.97423392832,0.259591084841,3.9437982591,0,0.76110537403,0.923725209773,0.525937994655,0.734944156412,0.461081523794,1.92400874504,1.16816469843
moderate__scaption_45_internal_30,45,45,-30,90,0,0,0,,,1,1,usable,Converged with independently replayed constrained generalized-force equilibrium and small reserve torques,342.810085,0.0975543797217,4.09671798707e-08,7.29284264782e-13,7.75800941607e-06,22,0,0.125245738704,0.204062453601,0.0100252699006,0.05274068925,0.152699999902,0.0100067594214,0.0116527765548,0.0100087654244,0.0100088909658,0.0100021366592,0.0100021472227,0.0100060677794,0.01000581198,0.0100058828371,0.0100086349132,0.0100073759274,0.0100278036143,0.0100280269108,0.0100401383301,0.0100132881584,0.0421575691227,0.0100040884293,0.0116068060697,0.0172091463189,0.039159216114,0.047473870163,0.0367957340002,0.0100036309843,0.01000546137,0.0100089935909,0.0383967103177,0.0135319311393,0.0100174103179,0.0100092079022,0.0100057119371,0.0100084628576,0.010008070574,0.0100099417571,0.0100084000887,0.0100081514318,0.0101463134688,0.034131847095,0.0100452377845,0.0140683742627,0.0137373894551,0.0109728857197,0.0101054483746,0.0100265192054,0.0100082258584,0.0100123097167,145.093326698,207.525538796,2.01017359464,25.5551622419,155.038607826,13.0699511372,2.87972324024,1.42733833982,4.39677470246,6.22640390556,4.07392846118,2.60443391675,2.64382047567,1.75585427371,1.95974683244,2.5379262157,7.09245390386,6.94615489565,2.63721557225,3.62198714692,21.6240874357,3.16928181002,12.7354309902,4.29581871516,12.3047759147,11.9631920879,6.16405948109,3.81698695041,3.94537732666,0.937170855928,20.7706578083,3.83576976017,0.651149109227,1.60115465681,2.5893231056,1.62524571145,2.36977933743,1.73063220726,2.08154604848,1.97452441831,0.25780891442,3.4242487891,0,0.681283058073,0.76152143337,0.461916287481,0.730840766448,0.461202926487,1.92422226308,1.16837418837
moderate__scaption_45_external_30,45,45,30,90,0,0,0,,,1,1,usable,Converged with independently replayed constrained generalized-force equilibrium and small reserve torques,286.177646,0.074367263637,3.60416017031e-08,2.58688720851e-13,1.0877705983e-05,19,0,0.0884640404902,0.122362214783,0.0101507263488,0.0298903307835,0.176551049713,0.0100034377436,0.0283122747333,0.0100110485486,0.0100096817246,0.0100034124942,0.0100053298588,0.0100072256951,0.0100079692076,0.010008093547,0.0100128994061,0.0100221733326,0.0100179738975,0.010018200729,0.0100346078791,0.0100679348215,0.0302475138382,0.010011831579,0.0273877712801,0.0204567027873,0.0452895320204,0.0668180456613,0.0581273991287,0.0100025145171,0.0100043988813,0.0100066526663,0.0100717104911,0.0100381474361,0.0100141643282,0.0100069243944,0.0100039409812,0.0100059027863,0.010005854808,0.0100072530157,0.0100059354778,0.0100056734618,0.0105717378904,0.0471525853045,0.010045237796,0.0184954839244,0.0203284585348,0.0147071957154,0.0102611788529,0.0100213010551,0.010006063052,0.0100089038786,107.643548014,123.18132147,2.04454930646,14.4399379247,179.370945347,12.2101330562,7.62644363057,1.39009504186,4.20542119367,5.93078134911,2.65854808573,2.52675864654,2.26049668396,1.7230445678,1.94010375011,2.14071093738,7.08550155237,6.93934855341,2.63576290364,3.64175383178,15.4234931113,3.16723795656,30.0509088407,5.10648727522,14.2310699279,16.837833369,9.73756212439,3.81656095122,3.94495836478,0.936951668474,5.44828060623,2.8454196217,0.650938114387,1.60078936831,2.58886480967,1.62482998879,2.36925467323,1.73016734716,2.08103345893,1.9740355356,0.268618575351,4.73054337446,0,0.895672777341,1.1268921896,0.619116376275,0.742103421772,0.460962900397,1.9238064331,1.16797674828
moderate__scaption_60_internal_30,45,60,-30,90,0,0,0,,,1,1,usable,Converged with independently replayed constrained generalized-force equilibrium and small reserve torques,312.937203,0.131396684713,6.03597033724e-08,5.89750470681e-13,8.70242360932e-06,10,0,0.135624755379,0.227298200312,0.0100376340712,0.0382224912127,0.213926128783,0.0100061132961,0.0262895752135,0.0100121135942,0.010013843343,0.0100029376421,0.0100028661232,0.0100079559341,0.0100071036765,0.0100077306183,0.0100119253501,0.0100148735175,0.0139784779077,0.0137084504097,0.0101078577218,0.0100225781004,0.0306635630805,0.0100051648423,0.0100226966614,0.010037472058,0.0311725505209,0.0549348490527,0.041373296497,0.0100053838324,0.0100077533947,0.0100136540293,0.0281462344865,0.0140051207394,0.0100266080453,0.0100137495856,0.0100089238646,0.0100133162258,0.010012645113,0.0100156674529,0.0100131934228,0.0100128251258,0.0103137150811,0.0380706596193,0.0100782521745,0.0157566631943,0.0154549089641,0.0121785111609,0.0102226488443,0.0100441489057,0.0100130243394,0.0100198108276,164.856136407,223.207272517,2.01955741786,18.1890283726,215.418234794,13.0711536971,6.54954009181,1.44008736042,4.40677366161,6.34926019701,4.48157565551,2.64306182702,2.81248522296,1.79080477832,2.0139496553,1.89627467162,9.88668246954,9.49548906945,2.65500323859,3.62534748671,15.4598177447,3.15204659715,10.9972856366,2.50559554373,9.79517178823,13.8433236908,6.93089749768,3.8176557678,3.94628112189,0.937607226276,15.2256742915,3.96990038352,0.651746977637,1.60188118164,2.59015430263,1.62603383606,2.37086252803,1.73162213045,2.08254296561,1.97544649897,0.262062442445,3.81940683599,0,0.763041093825,0.856730783507,0.512668481712,0.739316875152,0.462013862885,1.92514483834,1.1692495213
moderate__scaption_60_external_30,45,60,30,90,0,0,0,,,1,1,usable,Converged with independently replayed constrained generalized-force equilibrium and small reserve torques,319.718427,0.102749206613,2.43698323743e-08,2.55201883167e-13,1.24878071817e-05,22,0,0.086425750389,0.152655528334,0.0123065093529,0.040797315994,0.218607794851,0.0100026901066,0.0378183564746,0.0100095297479,0.0100077684846,0.0100024372854,0.010002934602,0.0100061020898,0.0100058963287,0.0100065548035,0.0100092989464,0.0100275694589,0.0100301828986,0.0100303921139,0.0100410849849,0.0101327453989,0.0285659067748,0.0100069992816,0.0103413815163,0.0100862647648,0.0408310444316,0.0762433690425,0.0689275471687,0.0100021401404,0.0100038242351,0.0100057856766,0.0100269475576,0.0100330368395,0.0100125949052,0.0100060222331,0.0100034537544,0.010005194683,0.0100051968132,0.0100064500903,0.0100052411243,0.0100049865584,0.0115636479512,0.0542641844172,0.0100452377172,0.0210279136098,0.023696392888,0.0167756992262,0.010504267876,0.010019406123,0.0100053441618,0.0100078186083,105.261483754,146.422074439,2.47878127644,19.0755077962,231.324991127,12.1081572313,10.1874035273,1.42036241274,4.20149309791,6.04211597627,3.57939639749,2.58713046335,2.65651949194,1.75845958332,1.99124722531,1.56651794301,7.09413672126,6.94779321042,2.63746422726,3.66519698801,14.4360452688,3.17021604195,11.3469588326,2.51777538204,12.8301049405,19.2129705489,11.546814113,3.81641810396,3.94473176897,0.936870489731,5.42406614703,2.84397096877,0.650836099151,1.60064505121,2.58873872292,1.62471500191,2.36909886872,1.73002852832,2.08088904738,1.97390001531,0.293822138866,5.44400856084,0,1.01830965124,1.31359099466,0.706192418696,0.759683974507,0.460875736725,1.92366821635,1.16785010399
moderate__forearm_pronation_45,0,0,0,90,-45,0,0,,,1,1,usable,Converged with independently replayed constrained generalized-force equilibrium and small reserve torques,430.213837,0.0274153466546,0.000546005992389,4.07892757207e-13,1.4220140846e-06,2,0,0.0285773964226,0.0100043333279,0.0100244902408,0.0100109236785,0.0416995646734,0.0100039109433,0.0173166123181,0.0100459633767,0.0338793029431,0.101421410438,0.0285631451491,0.0100230168909,0.0100264132887,0.0100430766019,0.0181053826167,0.0100440015094,0.0100125954768,0.0100127862692,0.0100296708325,0.0100556134863,0.0297186338669,0.0550190499372,0.0467245803985,0.0321199127692,0.0300536902738,0.010156852206,0.0100227560171,0.0134035341679,0.010021467888,0.0100613528774,0.0119919037267,0.0100418869974,0.0100472379724,0.010048782669,0.0100419363081,0.0100462204927,0.0100332812606,0.0100377229071,0.0100399043108,0.010048470692,0.0100431489608,0.0100399493616,0.0100452378833,0.0100485030446,0.0100391295378,0.0100475807755,0.0100545217224,0.010057701128,0.0100572407114,0.0100942121976,23.8572994903,10.9452662768,1.97772730917,4.90968189882,44.7562977649,12.9928297049,4.41532917259,1.31733807197,14.4265517109,57.9394618239,3.75889371603,2.21298824473,1.34187868915,1.625479656,3.27824012939,4.5459970777,7.08169750889,6.93559809714,2.63446610319,3.62772106054,15.3398070929,16.1525952717,51.2679944563,8.2434064544,9.60096014332,2.56406049725,1.66187083415,5.23481690809,4.19283444936,0.966698625541,6.67340987106,2.68822089923,0.682432030106,1.63505699604,2.59840520697,1.6163688656,2.37487043364,1.73535680496,2.11119419539,1.98119278454,0.255366845357,1.00465570732,0,0.487093156537,0.562642473377,0.426294832371,0.766710197766,0.462637242189,1.93364605784,1.17793169781
moderate__forearm_supination_45,0,0,0,90,45,0,0,,,1,1,usable,Converged with independently replayed constrained generalized-force equilibrium and small reserve torques,530.141381,0.0421625040788,0.000546006650846,1.63266813581e-13,1.17578504857e-05,14,0,0.0305438416035,0.0100041479706,0.0100236454676,0.0100104354751,0.0407466441519,0.0100038242492,0.0175996567095,0.0100467761276,0.0362777275249,0.107363724036,0.0299965183112,0.010022818695,0.0100261263281,0.0100436229686,0.0190618421141,0.0100341279011,0.0100109168575,0.0100110908703,0.0100276443156,0.010045237394,0.0100316502134,0.040352503256,0.0566598274063,0.0302377381288,0.0476483402383,0.0642557827338,0.0606355917112,0.0100023005071,0.0100043399915,0.0100061518918,0.0459899956774,0.0117594183563,0.0100133057374,0.0100065407141,0.0100037278468,0.0100056055254,0.0100056306255,0.0100069474691,0.0100057173205,0.0100053990906,0.011512199259,0.0528166004992,0.010045237394,0.0205272109874,0.0217418504419,0.0155432189841,0.0101602101017,0.0100196181374,0.0100055942513,0.010008027696,25.4989490957,10.9450634862,1.9775606442,4.9094424682,43.7335246282,12.9927171092,4.48749884022,1.3174446489,15.4478536049,61.3341538385,3.94752481181,2.21294448508,1.34184028417,1.6255680859,3.45142088859,4.54152820237,7.08051025687,6.93442373815,2.63393380354,0,5.01955377355,12.7471486181,62.1693269925,7.59249452989,15.0226920003,15.9872475357,9.69665437473,3.82361035829,4.14659265263,0.941501638099,23.249475149,3.01069867228,0.66613913914,1.60400440877,2.58766721705,1.62582643956,2.36919647149,1.73001119844,2.06513198276,1.97391691297,0.290070303933,5.24873655441,0,0.990119110907,1.18012880521,0.649747044929,0.690710403299,0.460885489029,1.9237162996,1.16787450323
